588, 5,x,y,z,distance,label
0.3716888427734375,-0.864776611328125,0.2306671142578125,0.46841188793389243,1
0.2872772216796875,-1.1687164306640625,0.126983642578125,0.5677523078733234,1
-0.421356201171875,-1.6639404296875,-0.68878173828125,1.4143927450982765,1
0.16131591796875,-1.0062713623046875,0.1743927001953125,0.5166814930181954,1
0.6232147216796875,-1.048187255859375,-0.1196136474609375,0.4559160449119754,1
0.89923095703125,-1.776458740234375,-0.1597137451171875,1.093925649724701,1
-0.2404327392578125,-0.32794189453125,-0.0789642333984375,0.4863746625108934,1
0.2039794921875,-1.3078155517578125,-0.029693603515625,1.0777411878001664,1
0.2482147216796875,-0.7124786376953125,0.01226806640625,0.47987924684326244,1
0.457305908203125,-1.0187835693359375,0.41949462890625,0.5911715724392784,1
0.0485992431640625,-0.8011474609375,-0.018218994140625,0.2981435021202451,1
1.2196197509765625,-1.1293487548828125,-1.24884033203125,1.5525890144348635,1
0.5359344482421875,-0.965240478515625,-0.1291656494140625,0.4887680380947998,1
0.4578094482421875,-0.956787109375,-0.0162200927734375,0.40704977362669886,1
-0.770751953125,-0.58648681640625,-0.6824951171875,1.0869592309573752,1
0.1449737548828125,-0.618560791015625,0.205047607421875,0.40824839121972556,1
-0.17333984375,-1.0507965087890625,0.3209228515625,0.9330347248679478,1
-0.324615478515625,-0.26068115234375,-0.05059814453125,0.5140406434813763,1
0.3622283935546875,-0.734710693359375,-0.0551910400390625,0.6552669100926644,1
0.24029541015625,-0.9149169921875,0.0337982177734375,1.364449416671424,1
-0.2587127685546875,-2.1178741455078125,0.0817108154296875,1.228185222157939,1
0.84124755859375,-1.2293701171875,-0.2724151611328125,0.9085843489766139,1
1.2899322509765625,-1.38995361328125,-0.0676116943359375,1.3892395675635096,1
0.0170135498046875,-0.725494384765625,0.0579376220703125,2.3687649928423844,1
-0.3185882568359375,-2.0958709716796875,-0.024322509765625,1.2707043299880356,1
0.068756103515625,-0.9483184814453124,-0.1071014404296875,0.683031494826625,1
0.274139404296875,-1.12567138671875,-0.22113037109375,0.35069116856704746,1
-0.516754150390625,-1.30096435546875,-0.3457183837890625,1.377679275645115,1
0.6658782958984375,-0.719635009765625,0.096710205078125,0.5302865235767107,1
0.3639373779296875,-0.70458984375,0.0475616455078125,0.31548089572792154,1
-0.12725830078125,-0.897430419921875,-0.129241943359375,0.8108968658467409,1
0.019439697265625,-0.8644256591796875,-0.1009674072265625,0.4588508363504844,1
0.0538330078125,-0.9420928955078124,0.1330413818359375,0.4765072650343859,1
0.4637908935546875,-0.8311920166015625,-0.1813201904296875,0.7283440453689812,1
-0.5751800537109375,-0.62701416015625,-0.58514404296875,0.4778087886398119,1
0.0174713134765625,-0.7427520751953125,0.1270294189453125,1.6982917239613027,1
-0.23431396484375,-1.366973876953125,0.202728271484375,0.9637764679808608,1
-0.2484588623046875,-1.6442718505859375,-0.19012451171875,0.9724441013537497,1
-0.0648040771484375,0.321746826171875,0.3370361328125,1.4020306657283537,1
0.0701446533203125,-1.374725341796875,0.5563201904296875,1.2752492029031381,1
-0.55859375,-0.7981719970703125,-0.5634613037109375,0.5818509898410776,1
-0.6591339111328125,-0.9606781005859376,-0.2354736328125,1.7606074732707504,1
1.785186767578125,-2.7264404296875,1.058868408203125,3.6554116584241423,1
0.1544647216796875,-1.329193115234375,-0.279510498046875,0.5856836283576241,1
0.6196746826171875,-0.71868896484375,-0.0415496826171875,0.721414232988063,1
-0.2267303466796875,-0.85369873046875,-0.3495635986328125,0.8299160935232319,1
0.54278564453125,-1.187042236328125,0.527435302734375,0.7616944689732061,1
0.6012725830078125,-1.9164276123046875,1.304931640625,2.758529583577469,1
0.295562744140625,-1.171112060546875,0.219970703125,0.5174070673902587,1
1.5731964111328125,-2.383148193359375,0.722412109375,2.8749304643076123,1
-0.61749267578125,-0.56585693359375,-0.650238037109375,0.6984396978611468,1
0.0838775634765625,-0.9507293701171876,-0.048095703125,0.30995937885152136,1
0.230560302734375,-0.8925323486328125,0.1836395263671875,0.17401305418152693,1
0.0962677001953125,-1.476226806640625,0.52410888671875,1.2055760084258826,1
0.016387939453125,-0.9024505615234376,-0.00274658203125,0.48945301434370275,1
0.4338226318359375,-0.889892578125,-0.0315704345703125,0.6145137405704761,1
0.0746917724609375,-0.9080657958984376,0.1696014404296875,0.5501910462635538,1
0.1802978515625,-1.163726806640625,0.174957275390625,0.31110065083547245,1
0.290435791015625,-1.083404541015625,0.1411285400390625,0.6359487601183702,1
0.279541015625,-0.9442291259765624,0.20928955078125,1.7447521488215385,1
0.2653350830078125,-0.718292236328125,0.03533935546875,2.3864358344672,1
0.0695953369140625,-0.6404876708984375,0.26239013671875,1.5241725704842852,1
0.0025634765625,-0.889556884765625,0.043701171875,0.9106446516737461,1
0.547515869140625,-0.946380615234375,0.070037841796875,0.6783284133355467,1
0.456085205078125,-1.3477935791015625,-0.3544464111328125,0.8308128039665401,1
0.3779449462890625,-0.8064727783203125,-0.1331634521484375,0.8006577014109753,1
1.5848846435546875,-2.482421875,0.3754425048828125,2.2475055541841678,1
0.212890625,-1.2954559326171875,-0.102691650390625,0.5462491100381638,1
-0.045013427734375,-0.745391845703125,-0.211151123046875,0.6189481879161804,1
1.4922943115234375,-2.10369873046875,0.7541351318359375,2.8928349515421217,1
0.062225341796875,-0.8368072509765625,0.0587310791015625,0.6190962613845369,1
-0.0256500244140625,-0.727996826171875,0.3424835205078125,1.0829935431937776,1
-0.83331298828125,-0.611968994140625,0.6395721435546875,1.2315343076688592,1
-0.7286376953125,-0.5986785888671875,-0.61077880859375,1.132899935098087,1
0.0703277587890625,-0.2803192138671875,1.267242431640625,1.3871356345034052,1
-0.29150390625,-0.8445587158203125,-0.3385009765625,0.2712220105144603,1
0.4266815185546875,-1.208831787109375,0.132080078125,0.5138243752094486,1
-0.5120849609375,-0.9787139892578124,-0.3980255126953125,0.49612063096651765,1
0.05389404296875,-0.8495330810546875,-0.0845947265625,0.4266882488919185,1
0.0038604736328125,-0.8762359619140625,0.042388916015625,0.4426309563823434,1
0.67620849609375,-0.943023681640625,-0.564056396484375,0.8244641221827695,1
0.18243408203125,-0.6067962646484375,0.2229766845703125,0.6270807417107623,1
0.43560791015625,-1.0786285400390625,-0.1033782958984375,0.2156101304823785,1
0.0285186767578125,-0.8460235595703125,-0.138092041015625,0.6283907995597476,1
0.5158233642578125,-0.9519805908203124,-0.0675048828125,0.6789418592678486,1
0.577178955078125,-1.0286865234375,-0.294342041015625,0.6059280718262465,1
-0.0155029296875,-0.8526458740234375,0.1174468994140625,0.41325474450814953,1
0.620819091796875,-2.39129638671875,1.6996002197265625,2.2441143570948756,1
-0.0817108154296875,-0.387969970703125,0.0096435546875,2.526915705096483,1
0.043853759765625,-0.6124114990234375,0.05352783203125,0.6326737881002183,1
-0.0014495849609375,-0.9898529052734376,0.014892578125,0.4949554552117536,1
0.3919830322265625,-0.905426025390625,-0.0477294921875,0.44414245301879485,1
-0.5460968017578125,-1.6994171142578125,-0.1245269775390625,1.5074789906472492,1
0.096832275390625,-1.050201416015625,-0.00604248046875,0.3313784693330079,1
-0.145538330078125,-0.864990234375,-0.2882843017578125,0.267654024448651,1
0.5435028076171875,-0.978790283203125,0.0574188232421875,0.0945519024282676,1
0.220947265625,-0.6454010009765625,0.084381103515625,1.4731009085388527,1
0.0342864990234375,-0.71337890625,-0.0988616943359375,2.9083341344994205,1
0.18304443359375,-1.2864532470703125,-0.0627899169921875,0.4477233254879407,1
1.01446533203125,-0.9991302490234376,0.0758819580078125,0.96612830790933,1
0.3161468505859375,-1.0490875244140625,0.2668609619140625,1.426016299423343,1
0.0438385009765625,-0.989349365234375,0.2129669189453125,0.6084948162214826,1
-0.699859619140625,-0.7660369873046875,-0.57763671875,0.7507072985717496,1
0.464752197265625,-0.934295654296875,-0.0151824951171875,0.23055474850864915,1
-0.3608551025390625,-0.678985595703125,-0.2607574462890625,0.421936537859438,1
-0.348388671875,-1.6174774169921875,-0.3635101318359375,1.1293117640885082,1
-0.08343505859375,-0.7918853759765625,0.2434844970703125,0.4455821596963487,1
-0.0965423583984375,-0.7426300048828125,-0.264892578125,0.769583186887633,1
0.5472869873046875,-1.2142486572265625,-0.015655517578125,0.3809460107372495,1
0.1387481689453125,-2.646240234375,1.1218109130859375,2.1658188716656763,1
-0.08837890625,-0.1612091064453125,0.0657196044921875,1.950389822632739,1
-0.0217742919921875,-0.3638916015625,0.0793304443359375,0.7301874149699771,1
0.0150909423828125,-0.401947021484375,0.08319091796875,1.6196515581567,1
-0.1244964599609375,-0.4788818359375,0.0239715576171875,2.40565608195085,1
0.310211181640625,-0.6237640380859375,0.1197052001953125,0.3958986423493784,1
0.874053955078125,-1.838470458984375,-0.301971435546875,1.216079556544248,1
-0.46649169921875,-2.0092010498046875,-0.439666748046875,1.566752830058429,1
0.269378662109375,-0.65960693359375,-0.0412445068359375,0.363968295320747,1
-0.4388580322265625,-1.916259765625,-0.6445770263671875,1.5635810450948755,1
0.424713134765625,-1.013275146484375,0.0241546630859375,0.9591170189376478,1
0.55303955078125,-1.16094970703125,0.06988525390625,0.4444556114406674,1
-0.623809814453125,-1.7403717041015625,-0.0856781005859375,1.3906866428121947,1
0.44158935546875,-0.95843505859375,0.1475372314453125,0.2182722195823746,1
-0.2229156494140625,-0.3090057373046875,0.0472412109375,1.4377740312592375,1
0.84014892578125,-1.7095489501953125,0.9667816162109376,1.234960930113285,1
0.595367431640625,-1.096954345703125,0.2168731689453125,0.47735327976082303,1
0.1254119873046875,-0.9973602294921876,0.031402587890625,0.44197570992998253,1
-0.214813232421875,0.135833740234375,-0.3587493896484375,1.0160997634796933,1
-0.1396942138671875,-0.3883209228515625,0.1068878173828125,2.464343492049139,1
0.1068267822265625,-1.4332733154296875,0.2320556640625,0.7583008182486324,1
0.83160400390625,-1.0639190673828125,-0.0859375,0.46663556693580327,1
0.9778900146484376,-1.413116455078125,0.0388336181640625,1.067160370963272,1
0.2326507568359375,-0.7698822021484375,0.0511474609375,0.604831730382687,1
0.1348419189453125,-0.859588623046875,0.12786865234375,0.5221112259600535,1
0.0487518310546875,-0.5733184814453125,0.3277740478515625,0.9306264594027711,1
-0.4221038818359375,-0.2869415283203125,-0.0746002197265625,0.7321095946882749,1
0.0817413330078125,-0.791748046875,0.1587677001953125,1.7743145703406964,1
-0.0751953125,-0.733642578125,-0.2461090087890625,0.7314464477726335,1
0.7662506103515625,-1.8850250244140625,1.3771209716796875,1.7525588855416243,1
0.4605865478515625,-1.1969146728515625,0.0751495361328125,0.6988167847728223,1
-0.438079833984375,-0.7707977294921875,-0.4583892822265625,0.5406222888948841,1
0.3168487548828125,-0.870635986328125,0.614105224609375,0.6256025931644856,1
0.0707244873046875,-0.2179718017578125,0.23822021484375,1.5136297603101303,1
0.395751953125,-1.1684722900390625,0.29266357421875,0.42916631382607295,1
0.400482177734375,-1.0080108642578125,0.072998046875,1.2984492122993236,1
0.7587890625,-0.9413604736328124,-0.148101806640625,0.5691843151967706,1
0.359405517578125,-1.94256591796875,0.768646240234375,1.2639059908599932,1
0.072906494140625,-0.8420257568359375,0.1586151123046875,0.2639457697333,0
0.062255859375,-1.001129150390625,0.0453338623046875,0.047103271381560965,0
-0.0993804931640625,-1.209686279296875,0.3044891357421875,0.4660900272808331,0
0.0375823974609375,-0.998382568359375,0.0193328857421875,0.06365726316450535,0
0.0776519775390625,-0.9959564208984376,0.07916259765625,0.056177583495251385,0
0.0795440673828125,-0.9989013671875,0.08233642578125,0.010764683662916852,0
0.1037445068359375,-1.01025390625,-0.0750885009765625,0.0824185153764605,0
0.33984375,-0.9198455810546876,0.390411376953125,0.5023950012249442,0
0.02716064453125,-0.9881134033203124,0.055816650390625,0.15326920267930252,0
0.33984375,-0.9198455810546876,0.390411376953125,0.5023950012249442,0
0.0876312255859375,-0.997650146484375,0.0528564453125,0.017368349745140996,0
0.072906494140625,-0.8420257568359375,0.1586151123046875,0.2639457697333,0
0.062255859375,-1.001129150390625,0.0453338623046875,0.047103271381560965,0
0.082794189453125,-1.001434326171875,-0.0253753662109375,0.43054277443226635,0
0.0795440673828125,-0.9989013671875,0.08233642578125,0.010764683662916852,0
-0.0993804931640625,-1.209686279296875,0.3044891357421875,0.4660900272808331,0
0.0137176513671875,-0.8523712158203125,-0.0008697509765625,0.1665920670208227,0
0.062255859375,-1.001129150390625,0.0453338623046875,0.047103271381560965,0
0.072906494140625,-0.8420257568359375,0.1586151123046875,0.2639457697333,0
0.0656585693359375,-0.999481201171875,0.09228515625,0.017091533032441538,0
0.1037445068359375,-1.01025390625,-0.0750885009765625,0.0824185153764605,0
0.0776519775390625,-0.9959564208984376,0.07916259765625,0.056177583495251385,0
0.1037445068359375,-1.01025390625,-0.0750885009765625,0.0824185153764605,0
0.082794189453125,-1.001434326171875,-0.0253753662109375,0.43054277443226635,0
0.0375823974609375,-0.998382568359375,0.0193328857421875,0.06365726316450535,0
0.02716064453125,-0.9881134033203124,0.055816650390625,0.15326920267930252,0
0.0137176513671875,-0.8523712158203125,-0.0008697509765625,0.1665920670208227,0
0.0795440673828125,-0.9989013671875,0.08233642578125,0.010764683662916852,0
0.0137176513671875,-0.8523712158203125,-0.0008697509765625,0.1665920670208227,0
0.0795440673828125,-0.9989013671875,0.08233642578125,0.010764683662916852,0
0.0137176513671875,-0.8523712158203125,-0.0008697509765625,0.1665920670208227,0
0.0876312255859375,-0.997650146484375,0.0528564453125,0.017368349745140996,0
0.0656585693359375,-0.999481201171875,0.09228515625,0.017091533032441538,0
0.072906494140625,-0.8420257568359375,0.1586151123046875,0.2639457697333,0
0.0137176513671875,-0.8523712158203125,-0.0008697509765625,0.1665920670208227,0
0.02716064453125,-0.9881134033203124,0.055816650390625,0.15326920267930252,0
0.0795440673828125,-0.9989013671875,0.08233642578125,0.010764683662916852,0
0.082794189453125,-1.001434326171875,-0.0253753662109375,0.43054277443226635,0
0.082794189453125,-1.001434326171875,-0.0253753662109375,0.43054277443226635,0
0.0656585693359375,-0.999481201171875,0.09228515625,0.017091533032441538,0
0.1037445068359375,-1.01025390625,-0.0750885009765625,0.0824185153764605,0
0.33984375,-0.9198455810546876,0.390411376953125,0.5023950012249442,0
0.0656585693359375,-0.999481201171875,0.09228515625,0.017091533032441538,0
-0.0993804931640625,-1.209686279296875,0.3044891357421875,0.4660900272808331,0
0.0795440673828125,-0.9989013671875,0.08233642578125,0.010764683662916852,0
-0.0993804931640625,-1.209686279296875,0.3044891357421875,0.4660900272808331,0
0.33984375,-0.9198455810546876,0.390411376953125,0.5023950012249442,0
0.33984375,-0.9198455810546876,0.390411376953125,0.5023950012249442,0
0.0656585693359375,-0.999481201171875,0.09228515625,0.017091533032441538,0
0.0795440673828125,-0.9989013671875,0.08233642578125,0.010764683662916852,0
0.0876312255859375,-0.997650146484375,0.0528564453125,0.017368349745140996,0
0.0795440673828125,-0.9989013671875,0.08233642578125,0.010764683662916852,0
0.0795440673828125,-0.9989013671875,0.08233642578125,0.010764683662916852,0
0.0137176513671875,-0.8523712158203125,-0.0008697509765625,0.1665920670208227,0
0.072906494140625,-0.8420257568359375,0.1586151123046875,0.2639457697333,0
0.0776519775390625,-0.9959564208984376,0.07916259765625,0.056177583495251385,0
0.1037445068359375,-1.01025390625,-0.0750885009765625,0.0824185153764605,0
-0.0993804931640625,-1.209686279296875,0.3044891357421875,0.4660900272808331,0
0.0776519775390625,-0.9959564208984376,0.07916259765625,0.056177583495251385,0
0.0656585693359375,-0.999481201171875,0.09228515625,0.017091533032441538,0
0.082794189453125,-1.001434326171875,-0.0253753662109375,0.43054277443226635,0
-0.0993804931640625,-1.209686279296875,0.3044891357421875,0.4660900272808331,0
0.072906494140625,-0.8420257568359375,0.1586151123046875,0.2639457697333,0
0.0795440673828125,-0.9989013671875,0.08233642578125,0.010764683662916852,0
0.0876312255859375,-0.997650146484375,0.0528564453125,0.017368349745140996,0
0.0656585693359375,-0.999481201171875,0.09228515625,0.017091533032441538,0
0.062255859375,-1.001129150390625,0.0453338623046875,0.047103271381560965,0
0.02716064453125,-0.9881134033203124,0.055816650390625,0.15326920267930252,0
0.062255859375,-1.001129150390625,0.0453338623046875,0.047103271381560965,0
0.0876312255859375,-0.997650146484375,0.0528564453125,0.017368349745140996,0
0.02716064453125,-0.9881134033203124,0.055816650390625,0.15326920267930252,0
0.072906494140625,-0.8420257568359375,0.1586151123046875,0.2639457697333,0
0.0776519775390625,-0.9959564208984376,0.07916259765625,0.056177583495251385,0
0.02716064453125,-0.9881134033203124,0.055816650390625,0.15326920267930252,0
0.02716064453125,-0.9881134033203124,0.055816650390625,0.15326920267930252,0
0.0137176513671875,-0.8523712158203125,-0.0008697509765625,0.1665920670208227,0
-0.0993804931640625,-1.209686279296875,0.3044891357421875,0.4660900272808331,0
0.0375823974609375,-0.998382568359375,0.0193328857421875,0.06365726316450535,0
0.082794189453125,-1.001434326171875,-0.0253753662109375,0.43054277443226635,0
0.082794189453125,-1.001434326171875,-0.0253753662109375,0.43054277443226635,0
0.072906494140625,-0.8420257568359375,0.1586151123046875,0.2639457697333,0
0.33984375,-0.9198455810546876,0.390411376953125,0.5023950012249442,0
0.02716064453125,-0.9881134033203124,0.055816650390625,0.15326920267930252,0
0.082794189453125,-1.001434326171875,-0.0253753662109375,0.43054277443226635,0
0.082794189453125,-1.001434326171875,-0.0253753662109375,0.43054277443226635,0
0.02716064453125,-0.9881134033203124,0.055816650390625,0.15326920267930252,0
0.0776519775390625,-0.9959564208984376,0.07916259765625,0.056177583495251385,0
0.072906494140625,-0.8420257568359375,0.1586151123046875,0.2639457697333,0
0.0137176513671875,-0.8523712158203125,-0.0008697509765625,0.1665920670208227,0
0.0375823974609375,-0.998382568359375,0.0193328857421875,0.06365726316450535,0
0.1037445068359375,-1.01025390625,-0.0750885009765625,0.0824185153764605,0
0.0876312255859375,-0.997650146484375,0.0528564453125,0.017368349745140996,0
0.0375823974609375,-0.998382568359375,0.0193328857421875,0.06365726316450535,0
0.0656585693359375,-0.999481201171875,0.09228515625,0.017091533032441538,0
0.0795440673828125,-0.9989013671875,0.08233642578125,0.010764683662916852,0
-0.0993804931640625,-1.209686279296875,0.3044891357421875,0.4660900272808331,0
0.062255859375,-1.001129150390625,0.0453338623046875,0.047103271381560965,0
0.0776519775390625,-0.9959564208984376,0.07916259765625,0.056177583495251385,0
-0.0993804931640625,-1.209686279296875,0.3044891357421875,0.4660900272808331,0
0.1037445068359375,-1.01025390625,-0.0750885009765625,0.0824185153764605,0
0.0795440673828125,-0.9989013671875,0.08233642578125,0.010764683662916852,0
0.0876312255859375,-0.997650146484375,0.0528564453125,0.017368349745140996,0
0.0776519775390625,-0.9959564208984376,0.07916259765625,0.056177583495251385,0
0.0876312255859375,-0.997650146484375,0.0528564453125,0.017368349745140996,0
0.02716064453125,-0.9881134033203124,0.055816650390625,0.15326920267930252,0
0.1037445068359375,-1.01025390625,-0.0750885009765625,0.0824185153764605,0
0.0137176513671875,-0.8523712158203125,-0.0008697509765625,0.1665920670208227,0
0.0795440673828125,-0.9989013671875,0.08233642578125,0.010764683662916852,0
0.0795440673828125,-0.9989013671875,0.08233642578125,0.010764683662916852,0
0.0656585693359375,-0.999481201171875,0.09228515625,0.017091533032441538,0
0.082794189453125,-1.001434326171875,-0.0253753662109375,0.43054277443226635,0
0.0876312255859375,-0.997650146484375,0.0528564453125,0.017368349745140996,0
0.0137176513671875,-0.8523712158203125,-0.0008697509765625,0.1665920670208227,0
0.0656585693359375,-0.999481201171875,0.09228515625,0.017091533032441538,0
0.0776519775390625,-0.9959564208984376,0.07916259765625,0.056177583495251385,0
0.0137176513671875,-0.8523712158203125,-0.0008697509765625,0.1665920670208227,0
0.0876312255859375,-0.997650146484375,0.0528564453125,0.017368349745140996,0
-0.0993804931640625,-1.209686279296875,0.3044891357421875,0.4660900272808331,0
0.02716064453125,-0.9881134033203124,0.055816650390625,0.15326920267930252,0
-0.0993804931640625,-1.209686279296875,0.3044891357421875,0.4660900272808331,0
0.0656585693359375,-0.999481201171875,0.09228515625,0.017091533032441538,0
0.0656585693359375,-0.999481201171875,0.09228515625,0.017091533032441538,0
0.1037445068359375,-1.01025390625,-0.0750885009765625,0.0824185153764605,0
0.072906494140625,-0.8420257568359375,0.1586151123046875,0.2639457697333,0
0.0656585693359375,-0.999481201171875,0.09228515625,0.017091533032441538,0
0.0776519775390625,-0.9959564208984376,0.07916259765625,0.056177583495251385,0
-0.0993804931640625,-1.209686279296875,0.3044891357421875,0.4660900272808331,0
0.072906494140625,-0.8420257568359375,0.1586151123046875,0.2639457697333,0
0.062255859375,-1.001129150390625,0.0453338623046875,0.047103271381560965,0
0.0876312255859375,-0.997650146484375,0.0528564453125,0.017368349745140996,0
0.0795440673828125,-0.9989013671875,0.08233642578125,0.010764683662916852,0
0.062255859375,-1.001129150390625,0.0453338623046875,0.047103271381560965,0
0.33984375,-0.9198455810546876,0.390411376953125,0.5023950012249442,0
0.0375823974609375,-0.998382568359375,0.0193328857421875,0.06365726316450535,0
0.062255859375,-1.001129150390625,0.0453338623046875,0.047103271381560965,0
0.062255859375,-1.001129150390625,0.0453338623046875,0.047103271381560965,0
0.0137176513671875,-0.8523712158203125,-0.0008697509765625,0.1665920670208227,0
0.0375823974609375,-0.998382568359375,0.0193328857421875,0.06365726316450535,0
0.0656585693359375,-0.999481201171875,0.09228515625,0.017091533032441538,0
0.0776519775390625,-0.9959564208984376,0.07916259765625,0.056177583495251385,0
0.082794189453125,-1.001434326171875,-0.0253753662109375,0.43054277443226635,0
0.1037445068359375,-1.01025390625,-0.0750885009765625,0.0824185153764605,0
0.1037445068359375,-1.01025390625,-0.0750885009765625,0.0824185153764605,0
0.0656585693359375,-0.999481201171875,0.09228515625,0.017091533032441538,0
0.0656585693359375,-0.999481201171875,0.09228515625,0.017091533032441538,0
0.082794189453125,-1.001434326171875,-0.0253753662109375,0.43054277443226635,0
0.0876312255859375,-0.997650146484375,0.0528564453125,0.017368349745140996,0
0.238128662109375,-0.7186737060546875,0.369476318359375,0.30109611122920815,2
-0.178009033203125,-1.5410003662109375,0.215545654296875,0.8876826367506634,2
0.146636962890625,-0.8601837158203125,0.02734375,0.3686256250589486,2
0.8112030029296875,-1.3641204833984375,-0.2728271484375,0.9885735868640189,2
-0.524017333984375,-0.5993804931640625,-0.381134033203125,0.6804650657523412,2
0.2488250732421875,-0.22528076171875,0.17022705078125,0.5584001042927232,2
0.8722076416015625,-0.6632232666015625,0.020751953125,0.6143150340841659,2
0.879974365234375,-1.5460662841796875,0.9535369873046876,1.4925740458153933,2
0.5796966552734375,-1.0503387451171875,-0.2901153564453125,1.0346785948056039,2
-0.169708251953125,-0.983978271484375,0.17047119140625,0.18130802652092962,2
0.612060546875,-1.1171875,0.0220489501953125,0.38303172332557495,2
1.018585205078125,-2.204620361328125,-0.055755615234375,1.6573185308633158,2
0.443328857421875,-0.7201995849609375,0.03900146484375,0.14670253879161033,2
0.317352294921875,-0.6565704345703125,0.1135101318359375,0.8772220430237765,2
0.3307037353515625,-1.96575927734375,0.0861358642578125,1.258253494657595,2
0.5796966552734375,-1.0503387451171875,-0.2901153564453125,1.0346785948056039,2
0.060577392578125,-0.696533203125,0.081634521484375,2.032779160253387,2
0.2731781005859375,-1.193695068359375,0.632415771484375,0.7878748819114543,2
-0.169708251953125,-0.983978271484375,0.17047119140625,0.18130802652092962,2
0.879974365234375,-1.5460662841796875,0.9535369873046876,1.4925740458153933,2
0.538665771484375,-1.727325439453125,0.638336181640625,1.0392889530306795,2
-0.071533203125,-0.9796905517578124,-0.04400634765625,0.4429356497469189,2
-0.046600341796875,-0.689239501953125,0.0776824951171875,0.9349894933840164,2
0.0072784423828125,-0.7443695068359375,0.1629638671875,0.3386160437939957,2
0.77716064453125,-2.074127197265625,1.3934783935546875,1.6087223442229837,2
0.2553863525390625,-0.786773681640625,0.076690673828125,0.1125080196018987,2
0.8722076416015625,-0.6632232666015625,0.020751953125,0.6143150340841659,2
0.538665771484375,-1.727325439453125,0.638336181640625,1.0392889530306795,2
0.4566650390625,-0.728271484375,0.2951812744140625,0.4304128068540354,2
0.73236083984375,-0.9384765625,-0.078277587890625,1.656857363572332,2
0.146636962890625,-0.8601837158203125,0.02734375,0.3686256250589486,2
-0.071533203125,-0.9796905517578124,-0.04400634765625,0.4429356497469189,2
0.2424774169921875,-0.9918975830078124,0.0259857177734375,0.4217113010602661,2
1.018585205078125,-2.204620361328125,-0.055755615234375,1.6573185308633158,2
0.0072784423828125,-0.7443695068359375,0.1629638671875,0.3386160437939957,2
0.54827880859375,-1.175323486328125,-0.0127410888671875,0.6450891033094625,2
0.0935821533203125,-1.1941986083984375,0.1511383056640625,0.629119479456595,2
0.1223297119140625,-1.4969482421875,-0.2856292724609375,0.8311122881049458,2
0.238128662109375,-0.7186737060546875,0.369476318359375,0.30109611122920815,2
0.4566650390625,-0.728271484375,0.2951812744140625,0.4304128068540354,2
0.2360687255859375,-0.504791259765625,0.2497406005859375,0.6436036650973876,2
-0.169708251953125,-0.983978271484375,0.17047119140625,0.18130802652092962,2
0.2360687255859375,-0.504791259765625,0.2497406005859375,0.6436036650973876,2
0.1411590576171875,-0.5714111328125,0.2263946533203125,0.182550908494512,2
-0.01971435546875,-0.8910675048828125,0.1000518798828125,0.5293663175538271,2
0.25787353515625,-0.6150054931640625,0.031890869140625,0.5847297015986016,2
0.0028228759765625,-0.8339080810546875,0.1782379150390625,0.1858385416266908,2
-0.2293853759765625,-1.56866455078125,0.2567138671875,0.9748197208625677,2
-0.041717529296875,-0.4784698486328125,0.2222900390625,2.816769877811789,2
0.0028228759765625,-0.8339080810546875,0.1782379150390625,0.1858385416266908,2
0.3307037353515625,-1.96575927734375,0.0861358642578125,1.258253494657595,2
0.0221405029296875,-1.79583740234375,-0.1755828857421875,1.3196786596649457,2
0.317352294921875,-0.6565704345703125,0.1135101318359375,0.8772220430237765,2
0.3307037353515625,-1.96575927734375,0.0861358642578125,1.258253494657595,2
0.186187744140625,-0.7163848876953125,0.20184326171875,0.09069927543575278,2
0.6605072021484375,-1.4471282958984375,-0.050140380859375,0.6224116380066828,2
0.064849853515625,-0.80938720703125,0.062591552734375,0.2663325854119851,2
0.186187744140625,-0.7163848876953125,0.20184326171875,0.09069927543575278,2
0.317352294921875,-0.6565704345703125,0.1135101318359375,0.8772220430237765,2
-0.178009033203125,-1.5410003662109375,0.215545654296875,0.8876826367506634,2
0.253021240234375,-0.9739990234375,-0.067626953125,0.44104728486892475,2
0.443328857421875,-0.7201995849609375,0.03900146484375,0.14670253879161033,2
0.2601776123046875,-1.0723876953125,0.0916290283203125,0.2670252044434504,2
0.19805908203125,-0.573944091796875,0.122650146484375,0.19437015653904938,2
0.1700592041015625,-0.834320068359375,0.330230712890625,0.35988925079264195,2
0.253021240234375,-0.9739990234375,-0.067626953125,0.44104728486892475,2
0.0028228759765625,-0.8339080810546875,0.1782379150390625,0.1858385416266908,2
0.73236083984375,-0.9384765625,-0.078277587890625,1.656857363572332,2
0.6270599365234375,-1.1291046142578125,-0.4046173095703125,0.6306806239490299,2
0.186187744140625,-0.7163848876953125,0.20184326171875,0.09069927543575278,2
0.174652099609375,-0.416229248046875,0.380462646484375,0.9689086902576067,2
0.8112030029296875,-1.3641204833984375,-0.2728271484375,0.9885735868640189,2
0.1700592041015625,-0.834320068359375,0.330230712890625,0.35988925079264195,2
0.0221405029296875,-1.79583740234375,-0.1755828857421875,1.3196786596649457,2
0.612060546875,-1.1171875,0.0220489501953125,0.38303172332557495,2
0.569488525390625,-0.8582916259765625,-0.172271728515625,1.15189315646112,2
0.5796966552734375,-1.0503387451171875,-0.2901153564453125,1.0346785948056039,2
0.54827880859375,-1.175323486328125,-0.0127410888671875,0.6450891033094625,2
0.1506500244140625,-0.6648712158203125,0.3829193115234375,0.7584308293523326,2
0.0028228759765625,-0.8339080810546875,0.1782379150390625,0.1858385416266908,2
0.0628509521484375,-0.4977569580078125,0.058685302734375,0.25798450587780325,2
0.538665771484375,-1.727325439453125,0.638336181640625,1.0392889530306795,2
0.3413848876953125,-0.9668121337890624,-0.037933349609375,0.23359196611986333,2
0.0221405029296875,-1.79583740234375,-0.1755828857421875,1.3196786596649457,2
0.879974365234375,-1.5460662841796875,0.9535369873046876,1.4925740458153933,2
0.569488525390625,-0.8582916259765625,-0.172271728515625,1.15189315646112,2
0.094268798828125,-0.415496826171875,0.07904052734375,0.4128995879751405,2
0.317352294921875,-0.6565704345703125,0.1135101318359375,0.8772220430237765,2
0.302703857421875,-0.9272613525390624,0.084136962890625,0.4815992661474839,2
-0.169708251953125,-0.983978271484375,0.17047119140625,0.18130802652092962,2
0.0028228759765625,-0.8339080810546875,0.1782379150390625,0.1858385416266908,2
0.73236083984375,-0.9384765625,-0.078277587890625,1.656857363572332,2
-0.178009033203125,-1.5410003662109375,0.215545654296875,0.8876826367506634,2
0.1411590576171875,-0.5714111328125,0.2263946533203125,0.182550908494512,2
0.0221405029296875,-1.79583740234375,-0.1755828857421875,1.3196786596649457,2
-0.2533416748046875,-0.659027099609375,0.392303466796875,1.1852971774166445,2
0.8722076416015625,-0.6632232666015625,0.020751953125,0.6143150340841659,2
0.0028228759765625,-0.8339080810546875,0.1782379150390625,0.1858385416266908,2
0.2424774169921875,-0.9918975830078124,0.0259857177734375,0.4217113010602661,2
0.19805908203125,-0.573944091796875,0.122650146484375,0.19437015653904938,2
0.317352294921875,-0.6565704345703125,0.1135101318359375,0.8772220430237765,2
0.3413848876953125,-0.9668121337890624,-0.037933349609375,0.23359196611986333,2
0.0028228759765625,-0.8339080810546875,0.1782379150390625,0.1858385416266908,2
0.6605072021484375,-1.4471282958984375,-0.050140380859375,0.6224116380066828,2
0.1700592041015625,-0.834320068359375,0.330230712890625,0.35988925079264195,2
-0.178009033203125,-1.5410003662109375,0.215545654296875,0.8876826367506634,2
0.8722076416015625,-0.6632232666015625,0.020751953125,0.6143150340841659,2
0.610565185546875,-1.281402587890625,0.3650054931640625,1.5195906765075056,2
0.317352294921875,-0.6565704345703125,0.1135101318359375,0.8772220430237765,2
0.0935821533203125,-1.1941986083984375,0.1511383056640625,0.629119479456595,2
-0.4828643798828125,-2.2818603515625,0.811126708984375,1.980743218658417,2
0.610565185546875,-1.281402587890625,0.3650054931640625,1.5195906765075056,2
0.2339324951171875,-0.8811492919921875,0.3631134033203125,0.3536998311010027,2
0.253021240234375,-0.9739990234375,-0.067626953125,0.44104728486892475,2
0.0935821533203125,-1.1941986083984375,0.1511383056640625,0.629119479456595,2
0.062469482421875,-0.7453460693359375,0.2339324951171875,0.2867287871328084,2
0.275390625,-0.700225830078125,0.0076446533203125,0.09031740276350679,2
0.0072784423828125,-0.7443695068359375,0.1629638671875,0.3386160437939957,2
0.443328857421875,-0.7201995849609375,0.03900146484375,0.14670253879161033,2
-0.178009033203125,-1.5410003662109375,0.215545654296875,0.8876826367506634,2
0.0028228759765625,-0.8339080810546875,0.1782379150390625,0.1858385416266908,2
0.238128662109375,-0.7186737060546875,0.369476318359375,0.30109611122920815,2
0.1223297119140625,-1.4969482421875,-0.2856292724609375,0.8311122881049458,2
0.569488525390625,-0.8582916259765625,-0.172271728515625,1.15189315646112,2
0.2339324951171875,-0.8811492919921875,0.3631134033203125,0.3536998311010027,2
0.443328857421875,-0.7201995849609375,0.03900146484375,0.14670253879161033,2
0.8112030029296875,-1.3641204833984375,-0.2728271484375,0.9885735868640189,2
-0.169708251953125,-0.983978271484375,0.17047119140625,0.18130802652092962,2
0.879974365234375,-1.5460662841796875,0.9535369873046876,1.4925740458153933,2
0.1506500244140625,-0.6648712158203125,0.3829193115234375,0.7584308293523326,2
0.1411590576171875,-0.5714111328125,0.2263946533203125,0.182550908494512,2
0.2731781005859375,-1.193695068359375,0.632415771484375,0.7878748819114543,2
0.0628509521484375,-0.4977569580078125,0.058685302734375,0.25798450587780325,2
-0.046600341796875,-0.689239501953125,0.0776824951171875,0.9349894933840164,2
0.612060546875,-1.1171875,0.0220489501953125,0.38303172332557495,2
0.4566650390625,-0.728271484375,0.2951812744140625,0.4304128068540354,2
0.5796966552734375,-1.0503387451171875,-0.2901153564453125,1.0346785948056039,2
0.146636962890625,-0.8601837158203125,0.02734375,0.3686256250589486,2
0.2867279052734375,-0.7728729248046875,0.0048828125,0.6606852958688398,2
0.1411590576171875,-0.5714111328125,0.2263946533203125,0.182550908494512,2
0.2601776123046875,-1.0723876953125,0.0916290283203125,0.2670252044434504,2
0.610565185546875,-1.281402587890625,0.3650054931640625,1.5195906765075056,2
1.018585205078125,-2.204620361328125,-0.055755615234375,1.6573185308633158,2
0.1506500244140625,-0.6648712158203125,0.3829193115234375,0.7584308293523326,2
0.2731781005859375,-1.193695068359375,0.632415771484375,0.7878748819114543,2
0.2488250732421875,-0.22528076171875,0.17022705078125,0.5584001042927232,2
0.77716064453125,-2.074127197265625,1.3934783935546875,1.6087223442229837,2
0.3098907470703125,-1.3724365234375,-0.0046844482421875,1.1776121676715696,3
0.3136749267578125,-0.7924652099609375,0.0732879638671875,0.3417743004428451,3
0.1006927490234375,-0.7737884521484375,-0.013916015625,0.8566071816514115,3
0.46405029296875,-0.9686279296875,-0.035614013671875,0.07036750681616111,3
0.3792877197265625,-1.253082275390625,0.6123504638671875,0.7127109742136011,3
0.2191314697265625,-0.230377197265625,0.2626495361328125,0.7194382903509003,3
0.7447052001953125,-2.1692047119140625,1.7418060302734375,3.1893489954822667,3
0.0146331787109375,-0.2586517333984375,0.238372802734375,0.5461750558021979,3
0.3136749267578125,-0.7924652099609375,0.0732879638671875,0.3417743004428451,3
0.705108642578125,-0.3589324951171875,0.599884033203125,0.922488583474166,3
0.35992431640625,-0.9822235107421876,0.01116943359375,0.393726934443802,3
0.1536712646484375,-0.86370849609375,0.0149078369140625,0.7007607415889217,3
-0.0069122314453125,-0.7986297607421875,0.317535400390625,0.6257037025213344,3
-0.0069122314453125,-0.7986297607421875,0.317535400390625,0.6257037025213344,3
0.3792877197265625,-1.253082275390625,0.6123504638671875,0.7127109742136011,3
0.2191314697265625,-0.230377197265625,0.2626495361328125,0.7194382903509003,3
0.35992431640625,-0.9822235107421876,0.01116943359375,0.393726934443802,3
0.031341552734375,-1.1705474853515625,0.0804290771484375,0.9759044621252655,3
0.2928009033203125,-0.81964111328125,-0.0144195556640625,0.8239947034010459,3
0.3601226806640625,-0.9642486572265624,0.1303558349609375,0.7601765079950078,3
0.2475433349609375,-1.419219970703125,0.045745849609375,0.6308355456094524,3
0.7447052001953125,-2.1692047119140625,1.7418060302734375,3.1893489954822667,3
0.705108642578125,-0.3589324951171875,0.599884033203125,0.922488583474166,3
0.3452606201171875,-0.9101104736328124,0.06353759765625,0.20303812025900234,3
0.3601226806640625,-0.9642486572265624,0.1303558349609375,0.7601765079950078,3
-0.7103118896484375,-1.121826171875,-0.313690185546875,2.2232736152178463,3
0.2928009033203125,-0.81964111328125,-0.0144195556640625,0.8239947034010459,3
0.61151123046875,-1.1614227294921875,0.108184814453125,0.6343025344944307,3
0.7447052001953125,-2.1692047119140625,1.7418060302734375,3.1893489954822667,3
0.705108642578125,-0.3589324951171875,0.599884033203125,0.922488583474166,3
0.2928009033203125,-0.81964111328125,-0.0144195556640625,0.8239947034010459,3
0.2387847900390625,-0.95880126953125,0.2733612060546875,0.47037867784652576,3
0.3445587158203125,-0.905853271484375,-0.1703643798828125,2.326493014919787,3
0.61151123046875,-1.1614227294921875,0.108184814453125,0.6343025344944307,3
-0.7103118896484375,-1.121826171875,-0.313690185546875,2.2232736152178463,3
0.431610107421875,-0.9642333984375,-0.0402679443359375,0.2020966681243109,3
-0.7103118896484375,-1.121826171875,-0.313690185546875,2.2232736152178463,3
0.46405029296875,-0.9686279296875,-0.035614013671875,0.07036750681616111,3
0.298553466796875,-0.2065887451171875,0.1357421875,1.00519147846029,3
0.4337158203125,-1.030670166015625,0.0623779296875,0.176493539361157,3
0.031341552734375,-1.1705474853515625,0.0804290771484375,0.9759044621252655,3
0.4018096923828125,-1.07769775390625,0.2589111328125,0.9676492874365697,3
0.35992431640625,-0.9822235107421876,0.01116943359375,0.393726934443802,3
0.08697509765625,-0.8061981201171875,0.0762939453125,0.6344376520021721,3
0.3452606201171875,-0.9101104736328124,0.06353759765625,0.20303812025900234,3
0.1006927490234375,-0.7737884521484375,-0.013916015625,0.8566071816514115,3
0.53350830078125,-0.91357421875,-0.02410888671875,0.8283845715669357,3
-0.7103118896484375,-1.121826171875,-0.313690185546875,2.2232736152178463,3
0.4018096923828125,-1.07769775390625,0.2589111328125,0.9676492874365697,3
0.1536712646484375,-0.86370849609375,0.0149078369140625,0.7007607415889217,3
0.3792877197265625,-1.253082275390625,0.6123504638671875,0.7127109742136011,3
0.61151123046875,-1.1614227294921875,0.108184814453125,0.6343025344944307,3
0.3452606201171875,-0.9101104736328124,0.06353759765625,0.20303812025900234,3
0.61151123046875,-1.1614227294921875,0.108184814453125,0.6343025344944307,3
0.1536712646484375,-0.86370849609375,0.0149078369140625,0.7007607415889217,3
0.46405029296875,-0.9686279296875,-0.035614013671875,0.07036750681616111,3
0.61151123046875,-1.1614227294921875,0.108184814453125,0.6343025344944307,3
0.61151123046875,-1.1614227294921875,0.108184814453125,0.6343025344944307,3
0.08697509765625,-0.8061981201171875,0.0762939453125,0.6344376520021721,3
0.35992431640625,-0.9822235107421876,0.01116943359375,0.393726934443802,3
0.2191314697265625,-0.230377197265625,0.2626495361328125,0.7194382903509003,3
0.2191314697265625,-0.230377197265625,0.2626495361328125,0.7194382903509003,3
0.2387847900390625,-0.95880126953125,0.2733612060546875,0.47037867784652576,3
0.298553466796875,-0.2065887451171875,0.1357421875,1.00519147846029,3
0.3203277587890625,-0.928375244140625,0.208404541015625,0.2345725354598306,3
0.3452606201171875,-0.9101104736328124,0.06353759765625,0.20303812025900234,3
0.61151123046875,-1.1614227294921875,0.108184814453125,0.6343025344944307,3
0.3303375244140625,-1.470062255859375,0.30389404296875,0.4013497669031369,3
0.315887451171875,-1.1767425537109375,0.1625213623046875,1.1326421916921405,3
0.431610107421875,-0.9642333984375,-0.0402679443359375,0.2020966681243109,3
0.2387847900390625,-0.95880126953125,0.2733612060546875,0.47037867784652576,3
0.3303375244140625,-1.470062255859375,0.30389404296875,0.4013497669031369,3
0.4018096923828125,-1.07769775390625,0.2589111328125,0.9676492874365697,3
0.031341552734375,-1.1705474853515625,0.0804290771484375,0.9759044621252655,3
0.46405029296875,-0.9686279296875,-0.035614013671875,0.07036750681616111,3
0.3098907470703125,-1.3724365234375,-0.0046844482421875,1.1776121676715696,3
0.61151123046875,-1.1614227294921875,0.108184814453125,0.6343025344944307,3
0.2387847900390625,-0.95880126953125,0.2733612060546875,0.47037867784652576,3
0.35992431640625,-0.9822235107421876,0.01116943359375,0.393726934443802,3
0.5955047607421875,-1.11029052734375,0.639007568359375,0.8175417508849775,3
0.50946044921875,-0.9914093017578124,0.021392822265625,0.3028798188488848,3
0.08697509765625,-0.8061981201171875,0.0762939453125,0.6344376520021721,3
0.1536712646484375,-0.86370849609375,0.0149078369140625,0.7007607415889217,3
0.46405029296875,-0.9686279296875,-0.035614013671875,0.07036750681616111,3
0.3203277587890625,-0.928375244140625,0.208404541015625,0.2345725354598306,3
0.315887451171875,-1.1767425537109375,0.1625213623046875,1.1326421916921405,3
0.705108642578125,-0.3589324951171875,0.599884033203125,0.922488583474166,3
0.031341552734375,-1.1705474853515625,0.0804290771484375,0.9759044621252655,3
0.50946044921875,-0.9914093017578124,0.021392822265625,0.3028798188488848,3
0.5955047607421875,-1.11029052734375,0.639007568359375,0.8175417508849775,3
0.3792877197265625,-1.253082275390625,0.6123504638671875,0.7127109742136011,3
0.2191314697265625,-0.230377197265625,0.2626495361328125,0.7194382903509003,3
0.2475433349609375,-1.419219970703125,0.045745849609375,0.6308355456094524,3
-0.0069122314453125,-0.7986297607421875,0.317535400390625,0.6257037025213344,3
0.7447052001953125,-2.1692047119140625,1.7418060302734375,3.1893489954822667,3
0.2191314697265625,-0.230377197265625,0.2626495361328125,0.7194382903509003,3
-0.1759033203125,-1.3398895263671875,0.0106964111328125,1.021058782913316,3
0.50946044921875,-0.9914093017578124,0.021392822265625,0.3028798188488848,3
-0.1759033203125,-1.3398895263671875,0.0106964111328125,1.021058782913316,3
0.7447052001953125,-2.1692047119140625,1.7418060302734375,3.1893489954822667,3
0.315887451171875,-1.1767425537109375,0.1625213623046875,1.1326421916921405,3
-0.7103118896484375,-1.121826171875,-0.313690185546875,2.2232736152178463,3
0.431610107421875,-0.9642333984375,-0.0402679443359375,0.2020966681243109,3
0.3445587158203125,-0.905853271484375,-0.1703643798828125,2.326493014919787,3
0.08697509765625,-0.8061981201171875,0.0762939453125,0.6344376520021721,3
0.2191314697265625,-0.230377197265625,0.2626495361328125,0.7194382903509003,3
0.61151123046875,-1.1614227294921875,0.108184814453125,0.6343025344944307,3
0.3098907470703125,-1.3724365234375,-0.0046844482421875,1.1776121676715696,3
0.705108642578125,-0.3589324951171875,0.599884033203125,0.922488583474166,3
0.519256591796875,-1.0401153564453125,0.2628631591796875,0.48603678454509014,3
0.2387847900390625,-0.95880126953125,0.2733612060546875,0.47037867784652576,3
0.705108642578125,-0.3589324951171875,0.599884033203125,0.922488583474166,3
0.3098907470703125,-1.3724365234375,-0.0046844482421875,1.1776121676715696,3
0.1006927490234375,-0.7737884521484375,-0.013916015625,0.8566071816514115,3
0.031341552734375,-1.1705474853515625,0.0804290771484375,0.9759044621252655,3
0.3445587158203125,-0.905853271484375,-0.1703643798828125,2.326493014919787,3
-0.0069122314453125,-0.7986297607421875,0.317535400390625,0.6257037025213344,3
0.50946044921875,-0.9914093017578124,0.021392822265625,0.3028798188488848,3
0.5955047607421875,-1.11029052734375,0.639007568359375,0.8175417508849775,3
0.080047607421875,-0.99359130859375,-0.07427978515625,0.2400429135208425,3
0.4018096923828125,-1.07769775390625,0.2589111328125,0.9676492874365697,3
0.53350830078125,-0.91357421875,-0.02410888671875,0.8283845715669357,3
-0.0069122314453125,-0.7986297607421875,0.317535400390625,0.6257037025213344,3
0.3792877197265625,-1.253082275390625,0.6123504638671875,0.7127109742136011,3
0.46405029296875,-0.9686279296875,-0.035614013671875,0.07036750681616111,3
0.3445587158203125,-0.905853271484375,-0.1703643798828125,2.326493014919787,3
0.519256591796875,-1.0401153564453125,0.2628631591796875,0.48603678454509014,3
-0.7103118896484375,-1.121826171875,-0.313690185546875,2.2232736152178463,3
0.3136749267578125,-0.7924652099609375,0.0732879638671875,0.3417743004428451,3
0.3136749267578125,-0.7924652099609375,0.0732879638671875,0.3417743004428451,3
0.3792877197265625,-1.253082275390625,0.6123504638671875,0.7127109742136011,3
-0.1759033203125,-1.3398895263671875,0.0106964111328125,1.021058782913316,3
0.35992431640625,-0.9822235107421876,0.01116943359375,0.393726934443802,3
0.3203277587890625,-0.928375244140625,0.208404541015625,0.2345725354598306,3
0.2928009033203125,-0.81964111328125,-0.0144195556640625,0.8239947034010459,3
0.3601226806640625,-0.9642486572265624,0.1303558349609375,0.7601765079950078,3
-0.0069122314453125,-0.7986297607421875,0.317535400390625,0.6257037025213344,3
0.1536712646484375,-0.86370849609375,0.0149078369140625,0.7007607415889217,3
0.2928009033203125,-0.81964111328125,-0.0144195556640625,0.8239947034010459,3
0.4337158203125,-1.030670166015625,0.0623779296875,0.176493539361157,3
0.3098907470703125,-1.3724365234375,-0.0046844482421875,1.1776121676715696,3
0.1536712646484375,-0.86370849609375,0.0149078369140625,0.7007607415889217,3
0.2387847900390625,-0.95880126953125,0.2733612060546875,0.47037867784652576,3
0.705108642578125,-0.3589324951171875,0.599884033203125,0.922488583474166,3
0.519256591796875,-1.0401153564453125,0.2628631591796875,0.48603678454509014,3
0.080047607421875,-0.99359130859375,-0.07427978515625,0.2400429135208425,3
0.1006927490234375,-0.7737884521484375,-0.013916015625,0.8566071816514115,3
